material,GWP_kgCO2e,Energi_MJ,Air_L,skor_komposit,peringkat
Botol PET,0.0,0.0,1.0,0.3333333333333333,1
Botol Kaca,0.6923076923076921,0.16666666666666666,0.6279069767441858,0.4956271119061815,2
Kaleng Aluminium,1.0,1.0,0.0,0.6666666666666666,3
